Location,Total_Violations
"-21.7251495,175.298833",1
"48.3648235,-89.285424",1
"-54.7409465,-93.236654",1
"-19.1346145,153.213007",1
"-74.1680985,-53.681275",1
"64.6508295,-63.015866",1
"-63.144552,-2.366401",1
"22.1526135,-101.448636",1
"-38.218789,145.422860",1
"-36.2204245,38.257586",1
