Location,Total_Violations
"-12.649104,-16.461645",1
"-2.1083635,-45.979230",1
"35.066247,87.836132",1
"-66.3731375,-61.359428",1
"-66.5875005,70.847124",1
"-36.8553975,-4.296093",1
"-84.5570395,-133.148608",1
"73.815508,-142.995878",1
"-71.824412,1.550123",1
"44.430554,-37.420768",1
