Location,Total_Violations
"-63.4325055,-134.921044",1
"73.078759,120.415192",1
"76.6389875,73.266127",1
"-5.1819925,94.845713",1
"-3.0701125,-29.449248",1
"-21.7451965,-76.433178",1
"-9.7933525,-104.121738",1
"46.993267,145.973949",1
"76.7894815,-100.935901",1
"-15.2270935,18.408535",1
