Location,Total_Violations
"-30.328984,20.949521",1
"39.5619875,48.302559",1
"31.574582,79.162177",1
"-12.286025,-77.376249",1
"12.216998,122.050906",1
"-23.991716,-167.772185",1
"-39.2103125,-85.519425",1
"-55.4782635,112.401662",1
"35.588580,34.021775",1
"53.094460,-6.793883",1
